id,nombre,pais,creado_dia
1,Lonnard Petican,Nicaragua,2022-08-21
2,Max Hackleton,Honduras,2022-02-22
3,Fanechka Russel,Brasil,2022-07-24
4,Drucie Semeradova,Panamá,2022-10-18
5,Law Broadhurst,Haití,2022-04-30
6,Katee Lettsom,Granada,2022-09-07
7,Nathan Daughtery,Perú,2022-05-20
8,Juan Follet,Cuba,2022-11-29
9,Orelle Nutt,Nicaragua,2022-02-12
10,Tania Gamet,Perú,2022-07-05
11,Roxane Silverton,Panamá,2022-06-06
12,Teddie Shah,Paraguay,2021-12-30
13,Gabriel Morson,Panamá,2022-05-05
14,Janina Tume,Venezuela,2022-10-11
15,Mar Matthai,Colombia,2022-01-25
16,Krisha Szwarc,Argentina,2022-03-30
17,Ennis Gillbanks,Surinam,2022-11-09
18,Simmonds Edgell,Cuba,2022-07-28
19,Rosie Spittal,Argentina,2022-09-12
20,Temp Silvers,Bolivia,2022-03-25
21,Orrin Clifton,Honduras,2022-11-14
22,Judye Lanfear,Perú,2022-06-26
23,Pooh Wyld,Colombia,2022-04-08
24,Haskell Jacomb,Perú,2022-10-31
25,Lorita Boas,Uruguay,2022-05-21
26,Heda Bachman,Uruguay,2022-03-18
27,Almeda Loutheane,Haití,2022-06-09
28,Herold Jedrzejewicz,Perú,2022-11-10
29,Marney Leivers,Uruguay,2022-03-22
30,Dosi Glastonbury,Guayana,2022-06-14
31,Tymon Springtorp,Bolivia,2022-07-09
32,Torie Hedderly,Uruguay,2022-09-09
33,Jesse Annetts,México,2022-02-14
34,Reinaldos Crocombe,Puerto Rico,2022-06-28
35,Anne-corinne Wick,Guatemala,2022-09-09
36,Ardys Lembcke,Chile,2022-04-13
37,Tara Janson,Nicaragua,2022-07-03
38,Yvon Szymanowski,Jamaica,2022-07-20
39,Faun McIlory,Guayana Francesa,2022-08-19
40,Mason Brewins,Uruguay,2022-04-21
41,Johnathan Selman,Surinam,2022-08-24
42,Chandler Wintringham,Uruguay,2022-09-17
43,Karlyn Adnam,Honduras,2022-05-31
44,Andrea End,Colombia,2022-06-09
45,Inglis Jancey,Costa Rica,2022-04-09
46,Ade Richly,Argentina,2022-04-14
47,Jorrie Ferriday,El Salvador,2022-06-02
48,Lucina Bernardelli,Chile,2022-05-30
49,Guss Scrafton,Guayana Francesa,2022-09-29
50,Lizbeth Salliss,Guayana,2022-05-18
51,Glori Maypes,Puerto Rico,2022-02-07
52,Rowe Berrigan,Perú,2022-05-19
53,Mimi Chanter,Paraguay,2022-10-15
54,Jeniece Stanway,Panamá,2022-04-08
55,Gradey Risborough,Costa Rica,2022-09-13
56,Rosetta Horley,Ecuador,2022-08-13
57,Ambrosio Pinnion,Bolivia,2022-01-30
58,Tana Weymont,Guayana Francesa,2022-05-15
59,Tadeo Prichard,Bolivia,2022-07-26
60,Julee Scrafton,Bolivia,2022-07-01
61,Anni Piggin,Cuba,2022-10-28
62,Margette Christol,Colombia,2022-08-03
63,Hedi Beteriss,Guatemala,2022-05-09
64,Ingunna Gulston,Paraguay,2022-06-02
65,Edlin Lefwich,Guayana Francesa,2022-04-22
66,Sidonnie Brandsma,Surinam,2022-10-25
67,Romola Molines,Chile,2022-03-07
68,Otha Deverall,Haití,2022-10-09
69,Glori Dalgarnowch,Uruguay,2022-02-20
70,Juli Lutwidge,Honduras,2021-12-20
71,Addia Begbie,Perú,2022-09-22
72,Matilda Daviddi,Ecuador,2022-11-19
73,Whitman Dargan,República Dominicana,2021-12-15
74,Charin Flay,Paraguay,2022-10-22
75,Chandra Spitaro,Ecuador,2022-10-29
76,Jeth Vickars,México,2022-02-12
77,Karlens Cook,Venezuela,2022-02-11
78,Oliy Dudden,Ecuador,2021-12-29
79,Charlton Ranson,Surinam,2022-05-14
80,Zsa zsa Theyer,Chile,2022-03-14
81,Emmaline Coultass,Guatemala,2022-09-18
82,Bria Tommasetti,Chile,2022-09-21
83,Veriee Fuzzard,Argentina,2022-09-05
84,Jordanna Saile,Costa Rica,2022-01-01
85,Elisabetta Pringell,República Dominicana,2022-09-04
86,Gaultiero Elson,Ecuador,2022-08-13
87,Jodie Miche,Nicaragua,2022-06-16
88,Lemar De Hooge,Cuba,2022-09-27
89,Alonzo Shiliton,Guayana,2022-08-06
90,Teddie Snooks,Honduras,2022-11-02
91,Deborah Vigietti,El Salvador,2022-04-12
92,Crysta Bischoff,Guayana Francesa,2022-03-24
93,Charita Guyver,Colombia,2022-05-25
94,Siffre Thacker,Guayana,2022-09-17
95,Chance Rohlfing,Colombia,2022-07-26
96,Burty Colleran,Bolivia,2022-07-15
97,Jermaine Hemerijk,Jamaica,2022-05-30
98,Hagen Iacovone,Bolivia,2022-03-10
99,Joey Warde,Surinam,2022-07-31
100,Buiron Flannery,Puerto Rico,2022-07-28
101,Pauly Cranch,Guayana,2022-06-09
102,Claudia Lamey,Guayana,2022-02-25
103,Nicola Mein,Paraguay,2022-07-02
104,Jeremiah Foynes,Nicaragua,2022-05-24
105,Donielle Clyde,Perú,2022-10-27
106,Nessie Mattosoff,Jamaica,2022-10-27
107,Cariotta Galloway,Bolivia,2022-11-15
108,Brinn Edmeads,Guayana,2022-10-19
109,Yolanda Foltin,Honduras,2022-04-18
110,Francine Mathwen,Chile,2022-08-15
111,Chrotoem Rameaux,Perú,2022-08-19
112,Rolando Kaplan,Guatemala,2022-11-25
113,Myles Keyte,Surinam,2022-08-25
114,Kaycee Taffe,Chile,2022-04-19
115,Robbi Denver,Surinam,2022-07-25
116,Anestassia Mustill,El Salvador,2022-02-27
117,Melina Gatesman,Colombia,2022-06-11
118,Lanae Storkes,Panamá,2022-02-11
119,Nicki Tather,Granada,2022-03-05
120,Verge Tchaikovsky,Guayana,2022-02-04
121,Xavier Aliberti,Jamaica,2022-05-21
122,Amelita Hendron,Surinam,2022-08-27
123,Greg Normanell,Argentina,2022-02-08
124,Liam Coulton,Haití,2022-10-29
125,Tome Nolleth,Costa Rica,2022-05-20
126,Bennie Cloney,Panamá,2022-02-09
127,Bale Storrah,Jamaica,2022-03-11
128,Pia Staziker,Costa Rica,2022-01-12
129,Nikoletta Rysom,Bolivia,2022-06-08
130,Glenn Barnbrook,Paraguay,2022-03-15
131,Kristi De Gregorio,Granada,2022-07-06
132,Geri Wraggs,República Dominicana,2022-05-09
133,Izak Beddie,Guayana,2022-09-27
134,Sydelle Hyams,Ecuador,2022-06-20
135,Janenna Eustes,Jamaica,2022-06-25
136,Jammal Goatcher,Cuba,2022-08-11
137,Bank Gidman,Perú,2022-07-05
138,Dedra Tilbey,Panamá,2022-02-04
139,Sande Ferriby,Uruguay,2022-06-10
140,Leese Asson,Cuba,2022-06-29
141,Milissent Pucknell,El Salvador,2022-05-18
142,Morgan Strettell,Guayana Francesa,2022-11-15
143,Ferne Riceards,Uruguay,2022-01-06
144,Moselle Wishart,Guatemala,2022-06-18
145,Fianna Castagna,Brasil,2022-03-25
146,Agosto Weatherburn,Panamá,2022-08-11
147,Idalia Sarver,Haití,2022-08-15
148,Sig Primrose,Granada,2022-06-30
149,Earle Myrick,Haití,2022-03-23
150,Khalil Creffeild,Guatemala,2022-08-28
151,Jacquetta Sterry,Cuba,2022-01-14
152,Damita Bagnold,Guayana,2022-01-23
153,Haleigh Campbell,Jamaica,2022-01-08
154,Adaline MacConnechie,Guayana,2022-11-05
155,Ailsun Kubiak,Cuba,2022-03-21
156,Ulrich Seeking,Colombia,2022-01-05
157,Veronika Prendergrast,Jamaica,2022-03-17
158,Karalee Odgers,Bolivia,2022-03-30
159,Jacob Kinleyside,Jamaica,2022-09-04
160,Eva Sherrington,Chile,2022-09-06
161,Kathy Summerfield,Surinam,2022-01-20
162,Tawsha Reightley,Uruguay,2022-06-10
163,Phedra Doberer,Puerto Rico,2022-08-19
164,Valli Sturton,Guatemala,2022-11-27
165,Jock Accombe,Jamaica,2022-11-02
166,Laurel Pietroni,Surinam,2022-05-30
167,Yvonne Pietz,Argentina,2022-10-22
168,Melva Krolle,Paraguay,2022-08-10
169,Redford Aslum,República Dominicana,2022-11-21
170,Kimmy Pollins,Honduras,2022-01-07
171,Rice Edmeades,Cuba,2022-09-24
172,Antoinette Rivelon,Brasil,2022-01-26
173,Zena Richly,Costa Rica,2022-11-03
174,Anestassia Abramov,Haití,2021-12-18
175,Neille Addicote,Puerto Rico,2021-12-25
176,Katrine Trenchard,El Salvador,2022-08-28
177,Robbin Barnwell,Venezuela,2022-06-26
178,Klement Djakovic,Uruguay,2022-05-17
179,Kahaleel Causnett,Panamá,2022-10-16
180,Moss Dumphries,Puerto Rico,2022-07-04
181,Kerry Saller,Bolivia,2022-05-11
182,Gayel Gillon,Brasil,2022-01-21
183,Garrett Everleigh,Guatemala,2022-07-02
184,Wynny Pixton,República Dominicana,2021-12-29
185,Simonette Gowenlock,Chile,2022-07-10
186,Cathleen Rivard,Nicaragua,2022-03-10
187,Hollyanne Skelhorn,Haití,2022-09-30
188,Shermie Moden,El Salvador,2022-05-15
189,Christel Croson,Brasil,2022-10-04
190,Ernest Loughhead,Haití,2022-03-21
191,West Kloser,Brasil,2022-09-11
192,Vallie Buggs,Panamá,2022-10-07
193,Delbert Fundell,Surinam,2022-08-16
194,Carmelita Sutehall,Panamá,2022-01-25
195,Erhart Downse,República Dominicana,2022-04-02
196,Oswell Copcott,Haití,2022-08-05
197,Troy Livett,Guatemala,2022-09-23
198,Marlo Halvosen,Ecuador,2022-06-30
199,Vicki Giacopelo,El Salvador,2022-09-11
200,Alisun Paradis,Brasil,2021-12-26
201,Rhona Attrey,Surinam,2022-07-20
202,Cary Bellord,Uruguay,2021-12-31
203,Silvan Allred,Puerto Rico,2022-05-08
204,Franciskus Marder,Guatemala,2022-11-18
205,Mahalia Letertre,Venezuela,2022-07-22
206,Gareth Matresse,Costa Rica,2022-04-14
207,Bevon Harbidge,Nicaragua,2022-06-25
208,Georas Ropp,Haití,2022-01-29
209,Ab Wheowall,Uruguay,2022-06-23
210,Brett Douberday,Argentina,2022-08-21
211,Milissent Tweedlie,Bolivia,2022-07-15
212,Jock Badland,Puerto Rico,2022-04-25
213,Deanna Krysiak,Granada,2022-01-20
214,Robert Ilymanov,Colombia,2022-11-21
215,Jillane Connell,Jamaica,2022-06-18
216,Gilburt Bottrill,Brasil,2022-10-05
217,Renard Sansum,República Dominicana,2022-04-29
218,Arlyne Milbank,Venezuela,2022-09-30
219,Marcelline Guillot,Honduras,2022-02-20
220,Byrle Greensite,Brasil,2022-09-22
221,Husein Laminman,Paraguay,2022-08-12
222,Vitoria Insole,Uruguay,2021-12-23
223,Bernardo Sturges,Honduras,2022-11-24
224,Tess Arrandale,Haití,2022-07-08
225,Averell Dafter,Panamá,2022-04-29
226,Dorian Bliven,Haití,2022-02-19
227,Clarette Tommaseo,Costa Rica,2022-08-17
228,Ingamar Pitsall,Uruguay,2022-04-19
229,Missie Sweating,Guatemala,2022-11-15
230,Raul Shawl,Brasil,2022-09-25
231,Tildy Daymont,Nicaragua,2022-05-12
232,Ianthe Behning,Costa Rica,2022-02-23
233,Rutherford Noraway,República Dominicana,2022-01-22
234,Orlando Housbie,Puerto Rico,2022-04-07
235,Garner Balsillie,Bolivia,2022-02-07
236,Madeleine Digweed,Panamá,2022-10-21
237,Othello Thew,Surinam,2022-11-19
238,Guinevere Rowat,Guatemala,2022-02-08
239,Walden Karpman,Puerto Rico,2022-08-09
240,Mia Pymm,Haití,2022-03-27
241,Nicky Bentham3,República Dominicana,2022-02-14
242,Katy Frankom,Uruguay,2022-04-01
243,Rachael Housin,Nicaragua,2022-06-22
244,David Tyler,Granada,2022-09-12
245,Gilda Bucknall,Guayana,2022-07-11
246,Currie Lightbourn,Cuba,2022-01-17
247,Martica Jozsa,Perú,2022-01-15
248,Kendra Fakeley,Panamá,2022-03-08
249,Evered Doyle,El Salvador,2022-10-13
250,Dulciana McNirlan,Granada,2022-01-19
251,Alair Timbrell,Costa Rica,2022-07-09
252,Daffie Doe,El Salvador,2022-09-16
253,Dominique Coldridge,Puerto Rico,2022-09-07
254,Laraine Pearch,Honduras,2022-03-26
255,Vladamir Fosh,Bolivia,2022-10-10
256,Frederich Field,Costa Rica,2022-03-19
257,Edie Turrill,Haití,2022-03-25
258,Merell Ackery,Brasil,2022-10-23
259,Terrill Rothwell,Brasil,2022-05-06
260,Katy Devons,Costa Rica,2022-04-02
261,Rosie O'Connel,Panamá,2022-11-16
262,Theda Lumbley,Ecuador,2022-03-01
263,Anna-maria Kirke,Jamaica,2022-01-14
264,Templeton Rossi,Ecuador,2022-07-31
265,Sarajane Bentzen,Puerto Rico,2022-05-14
266,Armando Choake,Ecuador,2022-05-10
267,Lila Van de Vlies,Colombia,2022-01-20
268,Nilson Pyle,El Salvador,2022-11-24
269,Valaree Thornton,Brasil,2022-09-26
270,Ahmed Scoffins,Guayana Francesa,2022-04-11
271,Bale Basilotta,Guatemala,2022-10-13
272,Ingeberg Millhill,Cuba,2022-03-26
273,Mari Fookes,Bolivia,2022-04-13
274,Honoria Cheyenne,Cuba,2022-05-14
275,Jacquie Kleinschmidt,Bolivia,2022-05-22
276,Edwina Drakeley,El Salvador,2022-02-22
277,Roobbie Pickle,Perú,2022-11-10
278,Ula Purrier,Argentina,2022-04-05
279,Bart Jaumet,Chile,2022-06-29
280,Tiphanie Paolotto,Costa Rica,2022-07-05
281,Nita Crust,Costa Rica,2022-02-15
282,Lexy Witherspoon,Argentina,2022-04-28
283,Viva Keirl,Bolivia,2022-04-17
284,Morganica Greenley,Paraguay,2022-04-18
285,Jackelyn How,Chile,2022-04-16
286,Bartie Artiss,Cuba,2022-07-08
287,Glori Bramley,Surinam,2022-08-30
288,Verla MacGilrewy,México,2022-05-13
289,Franciska Float,Paraguay,2022-06-28
290,Hale Cruickshanks,Guayana,2022-11-08
291,Karine Abramski,Argentina,2021-12-23
292,Ulla Loveard,Jamaica,2022-10-30
293,Estel Pridding,Panamá,2022-06-21
294,Kellyann Taggert,Ecuador,2022-02-16
295,Lesley Bernardo,El Salvador,2022-06-13
296,Orlan Yantsurev,Panamá,2022-09-30
297,Edik Retchless,Granada,2022-01-23
298,Colene Slateford,Brasil,2021-12-29
299,Norris Wippermann,Jamaica,2022-04-04
300,Norina Cashley,Cuba,2022-09-11
301,Carter Frie,Jamaica,2022-06-01
302,Archibald Caff,México,2022-11-15
303,Haydon Hardaker,Ecuador,2022-11-17
304,Cordy Oliveto,Puerto Rico,2022-08-08
305,Lida Teasdale,Argentina,2022-03-31
306,Mollie Ashburner,Guayana,2022-03-01
307,Carmen Strainge,Cuba,2022-10-03
308,Penni Livingstone,El Salvador,2022-01-06
309,Inesita Lyster,Brasil,2021-12-17
310,Sashenka Vase,Chile,2022-02-26
311,Selestina D'Andrea,Guayana,2022-10-02
312,Hill Lovekin,Surinam,2022-11-15
313,Opaline Athow,Cuba,2022-09-27
314,Broddie Kiffin,Honduras,2022-10-25
315,Revkah Mulvany,Haití,2022-06-06
316,Dacia Caslin,Ecuador,2022-11-08
317,Dorie Measom,Nicaragua,2022-02-22
318,Luelle Corain,Uruguay,2022-10-01
319,Nevile Footitt,Panamá,2022-06-18
320,Christophorus Arnell,Puerto Rico,2022-01-11
321,Crystie Meany,Uruguay,2022-07-24
322,Nico McAnalley,Haití,2022-06-03
323,Charlotta Withrop,Granada,2022-03-23
324,Derrik Huleatt,Paraguay,2022-09-13
325,Augie Grimsditch,Colombia,2022-09-25
326,Rosmunda Nurdin,Perú,2022-08-11
327,Nikolai Nind,Panamá,2022-07-19
328,Alayne O'Collopy,Brasil,2022-11-22
329,Benedikta Noke,Nicaragua,2022-11-05
330,Jordan Crewe,Paraguay,2022-11-10
331,Sheryl Pershouse,Haití,2022-06-20
332,Blancha Grain,Colombia,2022-03-12
333,Gennie Rimington,Haití,2021-12-23
334,Dalli Mawby,República Dominicana,2022-11-24
335,Bondie Gorcke,Guayana,2021-12-18
336,Henriette Novichenko,Cuba,2022-11-15
337,Jeffry Merrikin,Guayana Francesa,2022-01-26
338,Keslie Croser,Perú,2022-01-03
339,Consalve Lichfield,Perú,2022-07-07
340,Opaline Bigham,Granada,2022-02-14
341,Ginnifer Seebright,Panamá,2022-11-27
342,Tansy Ambler,Costa Rica,2022-11-12
343,Fidel Presnall,Ecuador,2022-01-09
344,Veda Meyrick,Ecuador,2022-05-21
345,Dale Whiteoak,Venezuela,2022-11-16
346,Sheelah Bills,Colombia,2022-04-11
347,Karalynn Khomin,Guayana Francesa,2022-06-27
348,Ash Bosenworth,Honduras,2022-04-08
349,Kora Loker,Paraguay,2022-10-23
350,Biddy Vegas,Venezuela,2022-10-14
351,Dud Senechell,Guayana Francesa,2022-04-15
352,Sandy Griswaite,Jamaica,2022-10-27
353,Star de Broke,Nicaragua,2022-03-15
354,Nikolaus Castelletti,Haití,2022-07-06
355,Gray Ingerith,México,2022-04-28
356,Nessy Bushby,Perú,2022-01-14
357,Gleda Winnett,Paraguay,2022-03-23
358,Biddie Trueman,Chile,2022-02-02
359,Dexter Frean,República Dominicana,2022-08-03
360,Porter Turton,Paraguay,2022-08-08
361,Crosby Sheldrick,Uruguay,2022-10-07
362,Myrna Danielis,Cuba,2022-01-04
363,Peyton Mathelon,Ecuador,2022-09-19
364,Gerri Bompas,México,2022-11-10
365,Shellysheldon Yakhin,El Salvador,2022-08-21
366,Hilly Priscott,Nicaragua,2022-08-13
367,Alma Balasini,Venezuela,2022-10-14
368,Tiffanie Avent,República Dominicana,2022-04-27
369,Kaja Thelwll,Colombia,2022-07-04
370,Francyne Eastway,Guatemala,2022-10-03
371,Wade Thirlaway,Costa Rica,2022-08-31
372,Terrye Jumel,Venezuela,2022-10-10
373,Earle Blakeney,Bolivia,2022-02-23
374,Phaidra Reimer,Colombia,2022-11-07
375,Tadd Benedick,Honduras,2022-01-09
376,Newton Aguilar,República Dominicana,2022-08-27
377,Honey Buckenham,México,2022-04-16
378,Feliza MacDowal,Cuba,2022-05-04
379,Val Stych,Surinam,2022-11-01
380,Avie LLelweln,Nicaragua,2022-05-30
381,Sibelle Coe,Bolivia,2022-02-25
382,Stinky Cure,Guayana,2021-12-30
383,Amalee Putterill,Venezuela,2022-10-15
384,York Shanklin,Surinam,2022-10-07
385,Caritta Ordish,Costa Rica,2022-05-15
386,Garrek Berndtsson,Guayana,2022-07-30
387,Margret Wherry,Paraguay,2022-07-11
388,Julienne Sprake,Argentina,2022-08-13
389,Rosmunda Caiger,Haití,2022-06-07
390,Michaela Mitrikhin,Guatemala,2022-11-26
391,Dalia Clubley,Bolivia,2022-01-30
392,Kania Leyban,República Dominicana,2022-05-28
393,Thorn Leebetter,Honduras,2022-05-21
394,Marlene Thorrington,Cuba,2022-10-13
395,Artair McCuthais,Panamá,2022-02-03
396,Trixy Pendre,Haití,2022-09-14
397,Vasili Petrusch,Argentina,2022-07-18
398,Gipsy Budleigh,Paraguay,2022-02-09
399,Ty Salvage,Chile,2022-07-23
400,Tasha Calven,República Dominicana,2022-10-22
401,Camila Pendergast,El Salvador,2022-06-12
402,Astra Gallemore,Cuba,2022-11-15
403,Jacquette Powling,Paraguay,2022-07-05
404,Colet Trematick,República Dominicana,2021-12-15
405,Audi Castagno,Cuba,2022-05-23
406,Jory Sigmund,Brasil,2022-06-10
407,Mic Ughelli,Colombia,2022-10-31
408,Tamqrah Jarrard,Chile,2022-11-01
409,Lind Ferronet,Panamá,2022-11-06
410,Cullin McKean,El Salvador,2022-01-05
411,Tilly Shrigley,Guayana Francesa,2022-07-10
412,Jervis Askin,Surinam,2022-09-28
413,Ellie Rawson,Guayana Francesa,2022-02-23
414,Jareb Milner,Guayana,2022-04-20
415,Juanita Haquard,Surinam,2022-01-26
416,Odessa Zuenelli,Haití,2022-03-11
417,Leo Westerman,Chile,2022-01-20
418,Alica Bruckstein,Guayana,2022-11-27
419,Gabriel McQuillan,Guayana,2022-07-17
420,Catharina Whittam,Ecuador,2022-01-04
421,Byrle Brookesbie,Uruguay,2022-01-27
422,Mohandas Forgie,Paraguay,2022-01-05
423,Janaya Beane,México,2022-07-13
424,Virgilio Queripel,Honduras,2022-05-21
425,Masha Bleddon,Venezuela,2022-11-29
426,Brett Prestage,Puerto Rico,2022-08-27
427,Grier Sparkes,Venezuela,2022-01-09
428,Cristabel Lambourne,Brasil,2022-06-13
429,Akim Mascall,El Salvador,2022-01-06
430,Farica Petzold,Guayana Francesa,2022-09-21
431,Cari McWilliams,Chile,2022-05-21
432,Britni Deboo,Honduras,2022-10-11
433,Kirbie Wellfare,Surinam,2022-08-14
434,Willi D'Aubney,Jamaica,2022-05-10
435,Gherardo Ekins,Uruguay,2022-07-04
436,Guthrey Sayton,Surinam,2021-12-16
437,Correna Lowy,Colombia,2022-02-24
438,Sibel Morcombe,Haití,2022-07-09
439,Temp Keepence,Brasil,2022-11-14
440,Igor Kernocke,Perú,2022-09-08
441,Helaina Slemmonds,Guatemala,2022-02-04
442,Constantine Pauleau,Honduras,2022-07-15
443,Ysabel Lorinez,Guatemala,2022-09-10
444,Wyndham Teideman,Paraguay,2022-10-21
445,Lillian Dederich,Ecuador,2022-03-26
446,Rurik Haime,Guatemala,2022-02-16
447,Bail Molnar,Uruguay,2022-09-20
448,Kristyn Lavallin,Ecuador,2022-06-25
449,Yance Lathleiffure,Surinam,2022-10-21
450,Cleopatra Cheke,Surinam,2022-03-08
451,Percival Barnwill,El Salvador,2022-04-26
452,Chicky Barette,Haití,2022-03-08
453,Gleda Currin,Uruguay,2022-10-05
454,Diane Deluca,Panamá,2022-07-30
455,Eulalie Grinishin,Ecuador,2022-01-28
456,Enriqueta Ettridge,Colombia,2022-08-15
457,Rudolfo Jaksic,República Dominicana,2021-12-22
458,Sheila MacMorland,República Dominicana,2022-04-10
459,Daisie Pauletti,México,2022-07-30
460,Smitty Torrans,Guayana,2022-03-25
461,Rab Lettley,Venezuela,2021-12-27
462,Alyson Tricker,Ecuador,2022-09-16
463,Barnabe Pennacci,Argentina,2022-03-16
464,Cleve Bulcock,Bolivia,2022-01-21
465,Billy Boyfield,Surinam,2022-02-18
466,Marlene Carmont,México,2022-06-05
467,Gayle Gideon,Uruguay,2022-09-01
468,Myrtice Espinazo,República Dominicana,2022-09-04
469,Ludvig Ferrara,Colombia,2022-04-10
470,Rafaellle Medcalf,República Dominicana,2022-03-03
471,Baudoin MacLaughlin,Guatemala,2022-05-31
472,Sissie Bursnall,Honduras,2022-08-11
473,Pablo Burrows,Guayana Francesa,2022-05-06
474,Aldwin Ost,El Salvador,2022-07-04
475,Buckie Fincham,Uruguay,2022-08-20
476,Leigh Adriano,Puerto Rico,2022-10-20
477,Angele Hourigan,Argentina,2022-02-28
478,Killy Hellyar,México,2022-07-31
479,Deerdre Chapling,Panamá,2022-02-19
480,Terese Morriss,Guatemala,2022-03-16
481,Willie Connick,Brasil,2022-06-09
482,Hilliard Hanner,Guatemala,2022-11-13
483,Clarinda Cadogan,Cuba,2022-02-08
484,Mendel Weinham,Uruguay,2022-10-28
485,Katy Margach,Granada,2022-07-04
486,Crosby McGarrie,Jamaica,2022-03-31
487,Dore Minelli,Guatemala,2022-07-10
488,Loydie Clover,Cuba,2022-06-03
489,Delano McIsaac,Paraguay,2022-02-13
490,Alonso Popelay,Guatemala,2022-01-18
491,Collen Smithend,México,2022-11-21
492,Deck Kerwin,Guayana Francesa,2022-03-20
493,Risa Kearley,Surinam,2022-09-28
494,Verna Rushmare,Jamaica,2022-02-02
495,Giordano Scahill,Ecuador,2022-03-27
496,Terri De Andisie,Costa Rica,2022-05-28
497,Monroe Lynagh,Jamaica,2021-12-21
498,Olin Tchir,Paraguay,2022-02-24
499,Rock Sollas,El Salvador,2022-09-14
500,Lorettalorna Gear,Costa Rica,2022-04-27
501,Carley Pooley,Chile,2022-04-20
502,Karon Filov,Paraguay,2022-04-15
503,Briggs Kilmurry,Perú,2022-05-26
504,Hattie Tolan,Colombia,2022-08-14
505,Dill Castanyer,Panamá,2022-06-17
506,Pail Gilliver,Cuba,2022-03-31
507,Salomone Godsell,Cuba,2022-11-26
508,Lorinda Berney,Venezuela,2022-10-07
509,Ileana Argontt,Paraguay,2022-02-05
510,Lionel Troucher,El Salvador,2022-07-16
511,Allayne Linskey,Nicaragua,2021-12-20
512,Selina Emlyn,Honduras,2022-02-19
513,Chantal Bealton,Colombia,2022-06-23
514,Ana Wreath,Chile,2022-03-06
515,Drusilla March,México,2022-03-09
516,Barbabas Clouston,Paraguay,2022-10-05
517,Sheff Guiness,Brasil,2022-08-17
518,Bryna Blessed,Guayana,2022-09-23
519,Alexine Lawden,Jamaica,2022-04-29
520,Chandal Weldrick,Brasil,2022-05-28
521,Darren Probat,Cuba,2022-10-13
522,Neile Lendon,El Salvador,2022-07-15
523,Sansone Boshell,Bolivia,2022-02-14
524,Gherardo Robbel,Ecuador,2022-04-01
525,De Westmarland,República Dominicana,2022-02-27
526,Heidie Conklin,México,2022-08-05
527,Carena Acey,Perú,2022-04-23
528,Ardra Ensley,Uruguay,2022-03-04
529,Prentiss Tricker,Nicaragua,2022-10-19
530,Gunther Chaplyn,Venezuela,2022-09-13
531,Aldus Poulgreen,Guayana Francesa,2022-02-01
532,Rebekkah Welbelove,Granada,2021-12-17
533,Jorry Langwade,Uruguay,2022-11-20
534,Jaye Laurens,Honduras,2022-02-24
535,Pierette Iles,Guayana Francesa,2022-05-13
536,Dido Willett,Ecuador,2022-02-08
537,Jessy Faiers,Cuba,2022-02-23
538,Wallis Arndt,Jamaica,2021-12-20
539,Maxim Mosdill,Surinam,2022-05-07
540,Elysha Breffit,Haití,2022-07-15
541,Georgeanna Kilbane,Granada,2022-09-11
542,Tracy Mogridge,Haití,2022-09-04
543,Granger Junifer,Guayana Francesa,2022-11-20
544,Nathan Yakutin,Costa Rica,2022-03-05
545,Agneta Yoell,Granada,2022-05-07
546,Jemimah Barling,Uruguay,2022-04-29
547,Zarah Dumphrey,Granada,2022-08-12
548,Germaine Stormouth,México,2022-08-05
549,Sebastian Ryce,Chile,2022-05-26
550,Robers Trett,Cuba,2022-05-14
551,Yettie Raitie,Haití,2022-01-09
552,Brandy Licquorish,Brasil,2022-01-28
553,Roxi Durn,República Dominicana,2022-04-02
554,Hetty Cleyne,Ecuador,2022-07-13
555,Bernita McHenry,Chile,2022-04-09
556,Vernor Santorini,Cuba,2022-11-04
557,Velvet Riley,Haití,2022-08-06
558,Marlowe Curmi,Granada,2022-03-01
559,Dewain Edmonstone,Guayana Francesa,2022-06-06
560,Idalia Blackaller,Colombia,2022-10-28
561,Annabal Summerlee,Chile,2022-10-25
562,Laurette Birkenhead,Bolivia,2022-08-25
563,Hugues Capun,República Dominicana,2022-02-06
564,Deane Toppes,Surinam,2022-03-23
565,Nessa Loughead,Bolivia,2022-02-21
566,Bengt Bodimeade,Honduras,2022-10-01
567,Rori Tinsey,Colombia,2021-12-22
568,Brina Dubery,Surinam,2022-10-05
569,Rena McAuslene,Cuba,2022-07-01
570,Gwenette Cometson,Haití,2022-05-01
571,Yoshiko Blunn,Guayana Francesa,2022-02-05
572,Aube Dignon,Guayana Francesa,2022-07-14
573,Arlinda Chevins,Guayana,2022-03-14
574,Deloria Hawkslee,Puerto Rico,2022-10-09
575,Marlo Tissiman,Ecuador,2021-12-19
576,Lotti Moquin,Argentina,2022-01-19
577,Giuseppe Ellacombe,El Salvador,2022-08-26
578,Loella Lorente,República Dominicana,2022-05-13
579,Irina Chagg,Ecuador,2022-01-29
580,Travers Slimm,México,2022-06-30
581,Melinde Mackneis,Brasil,2022-05-05
582,Rogers Fearneley,Ecuador,2022-10-26
583,Genvieve Sinkins,Bolivia,2022-09-12
584,Mariejeanne Lipscombe,El Salvador,2022-02-20
585,Tiffani Bulward,Paraguay,2022-09-05
586,Corabel Reicherz,Bolivia,2022-03-07
587,Jerrilyn Saul,Brasil,2022-04-07
588,Jeannette Haigh,Costa Rica,2022-01-29
589,Bess Konrad,Granada,2022-01-31
590,Britteny Bonicelli,El Salvador,2022-01-13
591,Miles Tocher,Costa Rica,2022-08-02
592,Marv Spencook,Cuba,2022-03-26
593,Marline Najafian,Perú,2022-06-24
594,Shanna Fawkes,Uruguay,2022-04-17
595,Crissy Delgado,Guayana,2022-05-21
596,Nicholas Becks,Perú,2022-04-25
597,Kirstin Rourke,Costa Rica,2022-08-28
598,Michaeline Mayho,Haití,2022-05-01
599,Alfie Sor,Argentina,2022-04-13
600,Mylo Plaunch,Paraguay,2022-10-13
601,Farlee Hame,Colombia,2022-01-18
602,Lesly Knott,Costa Rica,2022-09-05
603,Krista Dreamer,Guatemala,2022-07-09
604,Loretta Monketon,República Dominicana,2022-01-04
605,Wilton Pennacci,Surinam,2022-07-10
606,Brigg Gerwood,Jamaica,2022-08-25
607,Nessy Busse,Haití,2022-11-20
608,Pru Zoanetti,Guatemala,2022-03-19
609,Silas Horsley,Costa Rica,2022-04-18
610,Brand Jeannequin,Puerto Rico,2022-08-03
611,Stefanie Hurrion,Uruguay,2022-07-16
612,Ignazio Huie,El Salvador,2022-01-18
613,Julian Hove,Argentina,2022-01-06
614,Reggie Sackur,Perú,2022-11-04
615,Lincoln Basnett,Brasil,2022-10-17
616,Reece Linsey,Cuba,2022-07-01
617,Berenice Georghiou,Granada,2022-02-19
618,Cyb Belone,Jamaica,2022-02-06
619,Luisa Plevin,Surinam,2022-11-22
620,Mechelle Galpin,Brasil,2022-10-01
621,Montague Blyden,Uruguay,2022-06-09
622,Jeromy Plows,Venezuela,2022-08-01
623,Janice Pilgrim,Bolivia,2022-11-25
624,Felita Eakin,Colombia,2022-10-29
625,Jemima Highwood,Perú,2022-06-07
626,Derrick Hickenbottom,Brasil,2022-06-08
627,Merrel Samsin,Chile,2022-07-05
628,Stevie Johnston,Guayana Francesa,2022-10-24
629,Boycey Myles,Perú,2022-03-20
630,Carlene Benzie,Honduras,2022-03-27
631,Egon Petrushkevich,Panamá,2022-05-24
632,Davon Torrecilla,Paraguay,2022-01-15
633,Karola Kilminster,Bolivia,2022-06-21
634,Derril Glynne,Puerto Rico,2022-09-16
635,Andree Cellier,Perú,2022-04-26
636,Angeline Joinson,Colombia,2022-07-11
637,Raye Drewet,Guayana Francesa,2022-10-18
638,Betty Vela,Jamaica,2022-10-05
639,Mohandas Doldon,Uruguay,2022-09-01
640,Rudy Andres,Colombia,2022-01-07
641,Melloney Teck,Guayana Francesa,2022-03-12
642,Arly Ahmed,Colombia,2022-04-05
643,Vikki Hayzer,Perú,2022-03-19
644,Kevyn Seamarke,Brasil,2022-10-16
645,Merralee Triggol,Ecuador,2022-09-02
646,Leticia Kliner,Surinam,2022-10-21
647,Belita Speake,Nicaragua,2022-08-22
648,Hogan Gook,Ecuador,2022-10-16
649,Barton Waltering,Bolivia,2022-05-28
650,Ole Connar,Panamá,2022-01-04
651,Derwin Lorand,Cuba,2022-11-01
652,Burnard Joplin,Chile,2022-04-13
653,Lanny Torbet,Costa Rica,2022-01-13
654,Deirdre Mayoral,Nicaragua,2022-06-27
655,Kelila Emsley,Perú,2022-09-22
656,Lyman Dumbar,Costa Rica,2022-08-02
657,Holli Mighele,Argentina,2022-02-22
658,Rodina Martinolli,Puerto Rico,2022-04-24
659,Charmion Londer,Paraguay,2022-06-30
660,Reagen Beamiss,Guatemala,2022-11-19
661,Rebeka Nassi,Uruguay,2022-02-26
662,Adorne Brooksby,Ecuador,2022-09-01
663,Cody Lerway,Jamaica,2021-12-15
664,Gloriana Anthony,México,2022-03-08
665,Staci Topley,República Dominicana,2022-07-10
666,Budd Ruller,Colombia,2022-09-14
667,Dotti Cornall,Panamá,2022-04-23
668,Wynnie Eilhersen,Uruguay,2022-01-01
669,Sasha Habbeshaw,Guayana,2022-11-20
670,Jeannie Trustey,Paraguay,2022-04-24
671,Logan Worsfold,Surinam,2022-02-22
672,Sheryl Wharin,Bolivia,2022-08-16
673,Angelika Iveans,Jamaica,2021-12-17
674,Naomi Bussell,Costa Rica,2022-11-13
675,Kellie Tunkin,Bolivia,2022-06-15
676,Rubetta Sneller,Bolivia,2022-06-26
677,Pauly Denzilow,Uruguay,2022-01-28
678,Flinn Risborough,Perú,2021-12-29
679,Randall Guarnier,Bolivia,2022-07-01
680,Wakefield Matyukon,Panamá,2022-04-30
681,Xylia Curman,Venezuela,2022-08-31
682,Gertrude Grabeham,Granada,2022-01-15
683,Fraze Nielson,El Salvador,2022-09-07
684,Ilyssa Stutard,Paraguay,2022-05-13
685,Leora Petch,Surinam,2021-12-25
686,Willow Camerana,Guayana Francesa,2022-07-10
687,Cloris Watkinson,Uruguay,2022-02-08
688,Valma Syfax,Honduras,2022-09-12
689,Hasty Claye,Ecuador,2022-03-03
690,Erskine Volcker,Uruguay,2022-10-17
691,Scarlett Bruckenthal,Haití,2022-05-15
692,Bax Truman,Uruguay,2022-01-08
693,Laney Kenset,Argentina,2022-02-08
694,Cindelyn Cartner,Argentina,2022-02-14
695,Cristal Gorner,Uruguay,2022-10-21
696,Mufi Laurence,México,2022-09-01
697,Iormina Beek,Perú,2022-09-21
698,Constantine Drysdell,Jamaica,2022-08-18
699,Kara Yoslowitz,Nicaragua,2022-06-21
700,Marian Canto,República Dominicana,2022-03-12
701,Wainwright Benedek,Jamaica,2022-05-12
702,Zsa zsa Leppard,Guayana,2022-04-17
703,Devinne Huckfield,Puerto Rico,2022-02-04
704,Lesya Oldred,El Salvador,2022-07-01
705,Phelia Gilbard,Haití,2022-03-08
706,Skye Guerreau,Guatemala,2022-01-27
707,Edgard Font,Colombia,2022-03-01
708,Frederick Elstow,Guayana Francesa,2022-04-06
709,Addy Skip,Guatemala,2022-06-28
710,Ignacio Bengtsson,El Salvador,2022-01-25
711,Tanitansy Lysaght,Perú,2022-03-12
712,Saxe McFadzean,México,2022-09-13
713,Reinold Wilsee,Cuba,2022-02-12
714,Delilah Sutehall,Perú,2022-09-05
715,Erek Elsay,Jamaica,2022-06-19
716,Sissy De Giorgi,El Salvador,2022-11-28
717,Maria Raymond,Puerto Rico,2022-02-17
718,Emmit Langsbury,Honduras,2022-05-30
719,Westley McIlmorow,Nicaragua,2022-08-23
720,Mil Ascough,Chile,2022-04-15
721,Aldon Rigardeau,Granada,2022-06-09
722,Alleen Ackred,Cuba,2021-12-23
723,Dasha Gehring,Haití,2022-08-28
724,Dania Mathelon,Argentina,2022-06-08
725,Freeland Grimsdyke,Perú,2022-08-08
726,Honey McLae,República Dominicana,2022-05-04
727,Devy Saggers,Venezuela,2022-07-06
728,Jean Houndesome,Nicaragua,2022-01-31
729,Sondra Dash,Colombia,2022-04-24
730,Omar Bowser,Surinam,2022-10-18
731,Bobbye Margaret,Granada,2022-08-22
732,Emilio Extance,Guayana,2022-01-26
733,Merna Lamberth,Bolivia,2022-03-17
734,Jennette Goodwin,Costa Rica,2022-02-03
735,Tessy Fishburn,Chile,2022-03-21
736,Nikaniki Tomkies,Nicaragua,2022-11-05
737,Ingmar Beisley,Jamaica,2022-01-08
738,Aidan Olfert,Costa Rica,2022-09-14
739,Janka Mennell,México,2022-11-15
740,Wilone Fidgeon,Paraguay,2022-11-13
741,Gabriell Dufour,Colombia,2022-04-24
742,Cassy Gercke,Colombia,2022-10-23
743,Jorey Strelitz,Venezuela,2022-04-14
744,Ellen Sawrey,Chile,2022-03-19
745,Gregor Bownde,Ecuador,2022-01-26
746,Wang Ottawell,Nicaragua,2022-01-20
747,Halley Bowerman,México,2022-03-26
748,Patricio MacIlory,Uruguay,2022-11-29
749,Lilith Klehn,Honduras,2022-04-05
750,Aldus Leyson,Guayana Francesa,2022-07-16
751,Josee Shwenn,Ecuador,2022-05-06
752,Xena Woodroff,Guatemala,2022-03-21
753,Othello Kunes,Ecuador,2021-12-30
754,Gretchen Pays,Venezuela,2022-08-19
755,Edithe Rooze,Uruguay,2022-09-01
756,Lucita Joyner,Haití,2022-04-04
757,Karina Rutter,Uruguay,2022-02-22
758,Adriano Poplee,Cuba,2022-06-24
759,Andi Salway,Paraguay,2022-04-26
760,Jeniffer Mithun,Chile,2022-07-17
761,Timofei Robert,Brasil,2022-11-28
762,Betsey Francescone,México,2022-08-27
763,Hendrik Baggot,República Dominicana,2022-10-02
764,Olia Tomaszczyk,Brasil,2022-08-14
765,Henriette Meni,Costa Rica,2022-09-27
766,Bianca Phillips,Bolivia,2022-04-19
767,Edin Lowdeane,Argentina,2022-08-06
768,Welby Smith,Ecuador,2022-11-13
769,Demeter Alesio,México,2022-07-31
770,Moira Banane,Venezuela,2022-07-05
771,Herman Lord,Honduras,2022-10-03
772,Elia Jessop,Surinam,2022-02-16
773,Lucila Drackford,Ecuador,2022-11-26
774,Netty Kilday,Puerto Rico,2022-07-08
775,Putnem Effnert,Cuba,2022-11-06
776,Teresita Moneypenny,Jamaica,2022-03-18
777,Pablo A'Barrow,Colombia,2022-01-18
778,Rik Swindles,Surinam,2022-08-30
779,Mozelle Burnyeat,Costa Rica,2022-08-21
780,Silvan Way,Guayana Francesa,2022-11-07
781,Hesther Keoghane,Nicaragua,2022-01-08
782,Meara Lockwood,Brasil,2022-06-22
783,Silvain Andrelli,Nicaragua,2021-12-23
784,Nikita Mauger,México,2022-02-11
785,Dodie Blincow,Bolivia,2021-12-23
786,Lukas Bertelmot,Panamá,2022-01-06
787,Tobie Sedgeman,Granada,2022-04-12
788,Leoine Peirce,Honduras,2022-08-15
789,Rebekah Pinxton,Argentina,2022-10-26
790,Nobe Ben-Aharon,Guayana Francesa,2022-08-27
791,Erena Mation,Paraguay,2022-09-17
792,Estelle Brisard,Guayana,2022-05-26
793,Nicoli Collopy,Uruguay,2022-10-06
794,Standford Cullingworth,Paraguay,2022-01-14
795,Ingaberg Crosier,Guatemala,2022-09-04
796,Goddard Frediani,Paraguay,2022-07-24
797,Ariel O'Scollee,Puerto Rico,2022-02-16
798,Brockie Beglin,Cuba,2022-02-15
799,Janella Antyukhin,Guayana Francesa,2022-04-17
800,Olimpia Soutar,Cuba,2022-04-20
801,Angelita Hayers,Uruguay,2022-07-14
802,Sunshine Roll,Costa Rica,2022-07-03
803,Roley Roycroft,Guayana Francesa,2022-07-31
804,Marchelle Ewings,Perú,2022-09-08
805,Bruce McGuigan,Uruguay,2022-10-20
806,Ruby MacAnelley,Guatemala,2022-06-02
807,Leon Swires,México,2022-10-15
808,Sadye Beddoes,República Dominicana,2021-12-21
809,Parry Terrazzo,Venezuela,2021-12-17
810,Mitzi Kulver,Guayana Francesa,2022-01-01
811,Lorianne Cotty,Panamá,2022-04-14
812,Cariotta Rizzello,Guayana,2022-09-15
813,Kittie Kinsell,Chile,2021-12-22
814,Erny Whacket,Bolivia,2022-06-25
815,Deanne Barthrup,Venezuela,2022-07-01
816,Zoe Veracruysse,Chile,2022-11-16
817,Jolyn Whitear,Panamá,2022-06-06
818,Essie Sommerly,Granada,2022-05-27
819,Phyllys Comino,Granada,2022-01-03
820,Deva McCane,Brasil,2022-05-27
821,Glenn Binning,Chile,2022-11-05
822,Roberto Igglesden,Argentina,2022-02-17
823,Jeniffer Blaisdale,República Dominicana,2022-04-06
824,Beatriz Grimble,República Dominicana,2022-02-25
825,Zulema Rudland,Nicaragua,2022-07-08
826,Sylvan Josland,Jamaica,2022-06-20
827,Devlen Knottley,Argentina,2022-02-15
828,Delila Kepling,Surinam,2022-08-22
829,Brietta Lambirth,Argentina,2022-08-27
830,Tim Webley,Guatemala,2022-01-25
831,Alfy Monaghan,Nicaragua,2022-11-03
832,Lenette Stavers,Perú,2022-11-26
833,Dalenna Cron,Venezuela,2022-01-13
834,Martita Jojic,Uruguay,2022-03-01
835,Costanza Effaunt,Costa Rica,2022-08-31
836,Kristina Lawee,Puerto Rico,2022-10-16
837,Had Boler,Honduras,2022-02-11
838,Caitrin Liversidge,Argentina,2021-12-23
839,Derril Charnley,Perú,2022-06-20
840,Bette Lanfranchi,México,2022-10-04
841,Karlie Lilley,Guayana,2022-05-09
842,Stinky Snadden,Haití,2022-01-12
843,Edy Henrique,El Salvador,2022-06-29
844,Martelle McGeechan,Argentina,2022-10-28
845,Cletus Ferrillo,República Dominicana,2022-11-28
846,Lisabeth Beldam,Chile,2022-05-03
847,Lavena Levecque,Panamá,2022-08-21
848,Chrotoem Orcas,El Salvador,2022-02-02
849,Vally Lambregts,México,2021-12-27
850,Yoshiko Trolley,Cuba,2022-01-30
851,Sonni Pietruszka,Uruguay,2022-05-15
852,Cristy Venn,Honduras,2022-10-25
853,Lydon Bourgeois,Guayana,2022-02-28
854,Keri Willey,Puerto Rico,2022-02-03
855,Aymer Candlin,Guayana,2022-05-02
856,Gaven Gavrielli,Surinam,2022-03-13
857,Connie Letertre,El Salvador,2022-06-04
858,Anitra Megainey,Costa Rica,2022-01-13
859,Bartel Mountlow,Surinam,2022-11-10
860,Antonino Ellsworthe,Uruguay,2021-12-19
861,Ardelle Antonellini,República Dominicana,2022-10-26
862,Mikey Barlthrop,Ecuador,2022-05-15
863,Tobey Thickens,Brasil,2022-05-15
864,John Geely,Guayana,2022-01-08
865,Letta Senechell,Colombia,2022-10-20
866,Rana Thickpenny,Chile,2022-02-05
867,Nathanil Lacy,México,2022-06-09
868,Courtney MacCoughen,Colombia,2022-06-08
869,Janean Arsey,Cuba,2022-11-28
870,Margette Pren,Granada,2022-10-19
871,Crissie Stickford,Honduras,2022-08-05
872,Brena Guite,Guayana,2022-05-11
873,Sherm Ricca,Colombia,2022-06-25
874,Carolus Konrad,Uruguay,2022-05-26
875,Toddy Moynham,Venezuela,2022-06-08
876,Prue Casburn,República Dominicana,2022-01-28
877,Dehlia Colliss,República Dominicana,2022-03-30
878,Winona Jarad,Panamá,2022-09-18
879,Janot Dunning,Venezuela,2022-07-15
880,Tiphani Trowill,Venezuela,2022-02-25
881,Latrina Huddlestone,El Salvador,2022-02-10
882,Nobe Coleshill,Jamaica,2022-09-18
883,Ursa Girardetti,Argentina,2022-05-01
884,Linc Robbey,Puerto Rico,2022-09-29
885,Lorry Hostan,Venezuela,2022-01-31
886,Corine Kemshell,Perú,2022-07-03
887,Sarena Galia,Puerto Rico,2022-06-27
888,Danila Perigoe,Perú,2022-08-25
889,Ado Belhomme,Perú,2022-10-31
890,Robyn Cossem,Colombia,2022-07-23
891,Aggie Seedull,Surinam,2022-03-24
892,Rodger Matthews,Surinam,2022-11-04
893,Berkley Lackie,México,2022-06-14
894,Rudolfo Menichi,Guatemala,2022-07-14
895,Stepha Fried,Colombia,2022-09-14
896,Alis Carwithan,Venezuela,2022-01-22
897,Abigael Chishull,Panamá,2022-09-15
898,Hildagard Medway,Guatemala,2022-04-21
899,Leigha Sear,Puerto Rico,2022-05-28
900,Kessia Ephson,Panamá,2022-02-08
901,Tiffy Worcester,Brasil,2022-06-25
902,Balduin Wharmby,Guatemala,2022-01-21
903,Gennie Rastall,Surinam,2022-06-21
904,Charlotta Tappington,México,2022-10-12
905,Jamima Plester,México,2022-08-30
906,Raimondo Dubery,Jamaica,2022-03-04
907,Aubine Pakeman,El Salvador,2022-08-22
908,Nanine Benedit,Cuba,2022-05-26
909,Marijn Skillington,Colombia,2022-10-11
910,Wandie Blinder,Perú,2022-03-08
911,Jule Baldock,Paraguay,2022-08-17
912,Wyndham Dinneen,El Salvador,2022-01-21
913,Filippa Stratten,Colombia,2022-03-08
914,Charmion Cuxson,México,2022-10-05
915,Nelle Piotr,Haití,2022-01-19
916,Felicity Bulfoot,Granada,2022-03-27
917,Hayden Scott,México,2022-05-29
918,Jessee Drakes,Haití,2022-04-11
919,Leonerd Jorczyk,Honduras,2022-05-09
920,Stirling Golbourn,Nicaragua,2022-04-03
921,Larissa Kingsmill,Jamaica,2022-08-27
922,Octavius Billows,Panamá,2022-11-03
923,Pooh Durak,Ecuador,2022-11-11
924,Melony Tremmil,Haití,2022-08-08
925,Claiborne Willarton,Venezuela,2022-07-10
926,Marcile Govern,Perú,2022-11-10
927,Allys Grabeham,El Salvador,2022-05-18
928,Gradeigh Ilson,Surinam,2022-10-28
929,Aloise Glasspool,Puerto Rico,2021-12-27
930,Myrah Okenden,Panamá,2022-08-13
931,Ransom Taig,Guayana,2022-03-06
932,Asia Bartalucci,Panamá,2022-10-10
933,Theo Bootton,México,2022-01-26
934,Lisette Drache,Jamaica,2022-05-15
935,Miran Boggers,Venezuela,2021-12-24
936,Libbey Duckering,Bolivia,2022-01-11
937,Shannen Licence,Ecuador,2022-01-31
938,Britney Treadgall,Haití,2022-03-18
939,Kellina Yarrall,Ecuador,2022-10-10
940,Tomasine Wimlett,Costa Rica,2022-08-11
941,Esme Basford,Ecuador,2022-07-19
942,Carilyn Smillie,República Dominicana,2022-03-13
943,Bobbie Skirrow,Perú,2022-04-13
944,Marney Heap,Haití,2022-10-03
945,Jess Preece,Uruguay,2022-01-20
946,Dody O'Hannen,Puerto Rico,2022-03-22
947,Bernard Forri,Paraguay,2022-11-18
948,Collin Fetherstone,Paraguay,2021-12-28
949,Freeman Novak,Honduras,2022-07-31
950,Kayla Tetford,Guayana,2022-07-26
951,Thatch Postle,Brasil,2022-10-05
952,Kessia Harty,Perú,2022-08-07
953,Mahalia Juppe,Perú,2022-05-13
954,Willis Lougheed,Paraguay,2022-07-09
955,Carlye Houtby,Nicaragua,2022-09-05
956,Fanni Girhard,Honduras,2022-05-16
957,Gordan While,Uruguay,2022-03-25
958,Salvatore Bloxsom,Guayana Francesa,2022-10-31
959,Erin Riggott,Paraguay,2022-11-23
960,Rhona Reichelt,Chile,2022-02-07
961,Carlin Waterstone,Colombia,2022-06-01
962,Tymon Bossingham,Surinam,2022-08-19
963,Dewitt Arni,El Salvador,2022-03-19
964,Charissa Lehenmann,Uruguay,2022-10-24
965,Roma Ledwidge,El Salvador,2021-12-21
966,Flinn Roos,Guayana,2022-06-08
967,Kimble Impy,Guayana,2022-07-27
968,Che Kringe,Panamá,2022-11-18
969,Cary Shine,Bolivia,2021-12-22
970,Sandy Raffon,Costa Rica,2022-11-29
971,Gwenora Ludman,Honduras,2022-02-18
972,Etta Slemmonds,Guayana Francesa,2022-07-13
973,Edward Dugan,Honduras,2022-04-06
974,Lazarus Wyllis,Guayana,2022-01-16
975,Iona Wilse,Paraguay,2022-02-15
976,Lyle Dunckley,Paraguay,2021-12-23
977,Freddy Milella,México,2022-09-14
978,Katrina Woof,México,2022-05-26
979,Micky Wane,Puerto Rico,2022-04-11
980,Carine Colnet,Jamaica,2022-08-29
981,Aura Guidini,Uruguay,2022-09-06
982,Enriqueta Twinterman,Puerto Rico,2022-06-12
983,Gustavus Sexti,Chile,2022-09-05
984,Basile Townson,Chile,2022-09-19
985,Leonidas Patrone,Nicaragua,2022-07-05
986,Yasmin Di Meo,Argentina,2022-08-27
987,Errol Husbands,Venezuela,2022-03-30
988,Dari Cersey,Argentina,2022-09-30
989,Jo-anne Leyzell,Uruguay,2022-08-05
990,Benoite Doumenc,Haití,2022-07-26
991,Frederigo Nolte,Nicaragua,2022-04-15
992,Roderic Stoner,Perú,2022-08-05
993,Dani Hindmoor,Nicaragua,2022-05-26
994,Hamnet Tithacott,Granada,2022-03-18
995,Marcellus Wille,Ecuador,2022-05-18
996,Mordy Brickdale,Guayana Francesa,2022-07-10
997,Felizio Bertram,Colombia,2022-06-15
998,Olivette Habens,Guayana Francesa,2022-04-17
999,Dennison Probate,Puerto Rico,2022-09-26
1000,Raye Twidale,Venezuela,2022-11-08
